<?xml version="1.0" encoding="UTF-8"?>
<!-- /src/model/mapper/mybatis-config.xml -->
<!DOCTYPE configuration PUBLIC "-//mybatis.org/DTD config 3.0//EN"
"http://mybatis.org/dtd/mybatis-3-config.dtd">
<configuration>
	<properties resource="model/mapper/mybatis.properties" />
	<environments default="development"> <!-- Connection 부분 -->
		<environment id="development">
			<transactionManager type="JDBC" />
			<dataSource type="POOLED">
				<property name="driver" value="${driver}"/>
				<property name="url" value="${url}"/>
				<property name="username" value="${username}"/>
				<property name="password" value="${password}"/>			
			</dataSource>
		</environment>
	</environments>
	<mappers> <!-- sql구문 저장하는 xml, 인터페이스 설정  -->
		<package name="model.mapper" /> <!-- 인터페이스는 패키지만 추가해주면 됨  -->
	</mappers>
</configuration>